english,japanese
Afghanistan,アフガニスタン
Albania,アルバニア
Algeria,アルジェリア
Angola,アンゴラ
Antarctica,南極
Argentina,アルゼンチン
Armenia,アルメニア
Australia,オーストラリア
Austria,オーストリア
Azerbaijan,アゼルバイジャン
Bahamas,バハマ
Bangladesh,バングラデシュ
Belarus,ベラルーシ
Belgium,ベルギー
Belize,ベリーズ
Benin,ベナン
Bhutan,ブータン
Bolivia,ボリビア
Bosnia and Herz.,ボスニア・ヘルツェゴビナ
Botswana,ボツワナ
Brazil,ブラジル
Brunei,ブルネイ
Bulgaria,ブルガリア
Burkina Faso,ブルキナファソ
Burundi,ブルンジ
Cambodia,カンボジア
Cameroon,カメルーン
Canada,カナダ
Central African Rep.,中央アフリカ共和国
Chad,チャド
Chile,チリ
China,中国
Colombia,コロンビア
Congo,コンゴ共和国
Costa Rica,コスタリカ
Croatia,クロアチア
Cuba,キューバ
Cyprus,キプロス
Czechia,チェコ
Côte d'Ivoire,コートジボワール
Dem. Rep. Congo,コンゴ民主共和国
Denmark,デンマーク
Djibouti,ジブチ
Dominican Rep.,ドミニカ共和国
Ecuador,エクアドル
Egypt,エジプト
El Salvador,エルサルバドル
Eq. Guinea,赤道ギニア
Eritrea,エリトリア
Estonia,エストニア
Ethiopia,エチオピア
Falkland Is.,フォークランド諸島
Fiji,フィジー
Finland,フィンランド
Fr. S. Antarctic Lands,仏領南方・南極地域
France,フランス
Gabon,ガボン
Gambia,ガンビア
Georgia,ジョージア
Germany,ドイツ
Ghana,ガーナ
Greece,ギリシャ
Greenland,グリーンランド
Guatemala,グアテマラ
Guinea,ギニア
Guinea-Bissau,ギニアビサウ
Guyana,ガイアナ
Haiti,ハイチ
Honduras,ホンジュラス
Hungary,ハンガリー
Iceland,アイスランド
India,インド
Indonesia,インドネシア
Iran,イラン
Iraq,イラク
Ireland,アイルランド
Israel,イスラエル
Italy,イタリア
Jamaica,ジャマイカ
Japan,日本
Jordan,ヨルダン
Kazakhstan,カザフスタン
Kenya,ケニア
Kosovo,コソボ
Kyrgyzstan,キルギス
Kuwait,クウェート
Laos,ラオス
Latvia,ラトビア
Lebanon,レバノン
Lesotho,レソト
Liberia,リベリア
Libya,リビア
Lithuania,リトアニア
Luxembourg,ルクセンブルク
Macedonia,北マケドニア
Madagascar,マダガスカル
Malawi,マラウイ
Malaysia,マレーシア
Mali,マリ
Mauritania,モーリタニア
Mexico,メキシコ
Moldova,モルドバ
Mongolia,モンゴル
Montenegro,モンテネグロ
Morocco,モロッコ
Mozambique,モザンビーク
Myanmar,ミャンマー
N. Cyprus,北キプロス
Namibia,ナミビア
Nepal,ネパール
Netherlands,オランダ
New Caledonia,ニューカレドニア
New Zealand,ニュージーランド
Nicaragua,ニカラグア
Niger,ニジェール
Nigeria,ナイジェリア
North Korea,北朝鮮
Norway,ノルウェー
Oman,オマーン
Pakistan,パキスタン
Palestine,パレスチナ
Panama,パナマ
Papua New Guinea,パプアニューギニア
Paraguay,パラグアイ
Peru,ペルー
Philippines,フィリピン
Poland,ポーランド
Portugal,ポルトガル
Puerto Rico,プエルトリコ
Qatar,カタール
Romania,ルーマニア
Russia,ロシア
Rwanda,ルワンダ
S. Sudan,南スーダン
Saudi Arabia,サウジアラビア
Senegal,セネガル
Serbia,セルビア
Sierra Leone,シエラレオネ
Slovakia,スロバキア
Slovenia,スロベニア
Solomon Is.,ソロモン諸島
Somalia,ソマリア
Somaliland,ソマリランド
South Africa,南アフリカ
South Korea,韓国
Spain,スペイン
Sri Lanka,スリランカ
Sudan,スーダン
Suriname,スリナム
Sweden,スウェーデン
Switzerland,スイス
Syria,シリア
Taiwan,台湾
Tajikistan,タジキスタン
Tanzania,タンザニア
Thailand,タイ
Timor-Leste,東ティモール
Togo,トーゴ
Trinidad and Tobago,トリニダード・トバゴ
Tunisia,チュニジア
Turkey,トルコ
Turkmenistan,トルクメニスタン
Uganda,ウガンダ
Ukraine,ウクライナ
United Arab Emirates,アラブ首長国連邦
United Kingdom,イギリス
United States of America,アメリカ合衆国
Uruguay,ウルグアイ
Uzbekistan,ウズベキスタン
Vanuatu,バヌアツ
Venezuela,ベネズエラ
Vietnam,ベトナム
W. Sahara,西サハラ
Yemen,イエメン
Zambia,ザンビア
Zimbabwe,ジンバブエ
eSwatini,エスワティニ
